{
    "metadata":{
        "type":"Geometry",
        "generator":"io_three",
        "version":3,
        "vertices":122,
        "normals":122,
        "materials":1,
        "uvs":0,
        "faces":120
    },
    "vertices":[-1.43694,-4.8442e-08,-1.10822,0,-9.6884e-08,-2.21645,1.59466,0.111837,1.10822,0,0.6112,2.9464,0,-1.48282,1.10822,0,1.70649,1.10822,0,1.43694,-1.10822,0,-1.43694,-1.10822,1.43694,-4.8442e-08,-1.10822,-1.59466,0.111837,1.10822,0,-0.542957,3.58912,0.721548,-0.00283979,2.9464,-0.721548,-0.00283979,2.9464,0,-0.616879,2.9464,0,-0.540727,3.94566,-0.503937,-0.0389918,3.58907,0,0.464974,3.58901,0.503937,-0.0389918,3.58907,0.520066,-0.0372015,3.19207,0,0.48284,3.19194,-0.520066,-0.0372015,3.19207,0,-0.557243,3.1922,0,0.10252,4.04511,-0.572281,0.0316079,3.94574,0,0.603943,3.94581,0.572281,0.0316079,3.94574,0,-0.871171,2.52844,-1.10554,0.126858,2.52844,1.10554,0.126858,2.52844,0,1.12489,2.52844,-1.19599,-1.08416,1.10822,-1.33277,0.17151,2.01739,-1.0777,1.0777,-1.10822,-0.859234,-8.47735e-08,-1.93939,0,-0.859234,-1.93939,0,0.859234,-1.93939,0.859234,-8.47735e-08,-1.93939,1.0777,-1.0777,-1.10822,1.19599,1.30783,1.10822,1.33277,0.17151,2.01739,0,-1.13438,2.01739,0,1.4774,2.01739,-1.0777,-1.0777,-1.10822,-1.19599,1.30783,1.10822,1.19599,-1.08416,1.10822,1.0777,1.0777,-1.10822,0,1.72279,-7.53057e-08,0,-1.66688,7.28614e-08,1.69483,0.0279591,-1.22213e-09,-1.69483,0.0279591,-1.22213e-09,-0.584134,-0.0278719,3.06081,0.584134,-0.0278719,3.06081,0,-0.585122,3.06084,0,0.529378,3.06077,-0.541161,0.45769,2.9464,0.829154,0.875381,2.52844,0.829154,-0.621664,2.52844,-0.541161,-0.463369,2.9464,-0.526655,-0.021498,3.80689,0.526655,-0.021498,3.80689,0,-0.548227,3.80681,0,0.505231,3.80697,0.378006,-0.416966,3.58911,-0.390006,-0.427232,3.19216,-0.390094,0.352829,3.19197,0.390094,0.352829,3.19197,0.390006,-0.427232,3.19216,-0.378006,-0.416966,3.58911,-0.377899,0.338982,3.58903,0.377899,0.338982,3.58903,0.502337,-0.0383882,3.36117,0,0.463925,3.36099,-0.502337,-0.0383882,3.36117,0,-0.540701,3.36134,-0.457751,0.0847918,4.02026,0.457751,0.0847918,4.02026,0,-0.372972,4.02025,0,0.542556,4.02028,0.429308,-0.397643,3.94568,-0.429308,-0.397643,3.94568,-0.429113,0.460859,3.94579,0.429113,0.460859,3.94579,-0.829154,0.875381,2.52844,0.541161,0.45769,2.9464,0.541161,-0.463369,2.9464,-0.829154,-0.621664,2.52844,0,-0.6973,2.78893,-0.90459,0.0460265,2.78893,0.90459,0.0460265,2.78893,0,0.789353,2.78893,-0.999577,-0.807908,2.01739,-0.999577,1.15093,2.01739,-0.701201,-0.701201,-1.7239,-0.701201,0.701201,-1.7239,0.999577,-0.807908,2.01739,0.999577,1.15093,2.01739,0.701201,-0.701201,-1.7239,0.701201,0.701201,-1.7239,-1.27113,-1.24317,5.43405e-08,-1.27113,1.29909,-5.67848e-08,1.27113,-1.24317,5.43405e-08,1.27113,1.29909,-5.67848e-08,-0.438089,-0.44581,3.06083,-0.438111,0.390066,3.06078,0.438111,0.390066,3.06078,0.438089,-0.44581,3.06083,-0.395127,-0.416545,3.80683,-0.394856,0.373549,3.80695,0.394856,0.373549,3.80695,0.395127,-0.416545,3.80683,0.376711,-0.415123,3.36129,-0.376711,-0.415123,3.36129,-0.376795,0.338346,3.36104,0.376795,0.338346,3.36104,-0.330662,-0.259633,4.00092,-0.330575,0.40164,4.00097,0.330575,0.40164,4.00097,0.330662,-0.259633,4.00092,-0.678443,0.603521,2.78893,0.678443,0.603521,2.78893,0.678443,-0.511469,2.78893,-0.678443,-0.511469,2.78893],
    "faces":[35,0,42,98,49,0,0,1,2,3,35,0,49,99,32,0,0,3,4,5,35,0,32,93,33,0,0,5,6,7,35,0,33,92,42,0,0,7,8,1,35,1,34,92,33,0,9,10,8,7,35,1,33,93,35,0,9,7,6,11,35,1,35,97,36,0,9,11,12,13,35,1,36,96,34,0,9,13,14,10,35,2,44,100,48,0,15,16,17,18,35,2,48,101,38,0,15,18,19,20,35,2,38,95,39,0,15,20,21,22,35,2,39,94,44,0,15,22,23,16,35,3,83,119,89,0,24,25,26,27,35,3,89,118,54,0,24,27,28,29,35,3,54,103,53,0,24,29,30,31,35,3,53,104,83,0,24,31,32,25,35,4,30,98,47,0,33,34,2,35,35,4,47,100,44,0,33,35,17,16,35,4,44,94,40,0,33,16,23,36,35,4,40,90,30,0,33,36,37,34,35,5,38,101,46,0,38,20,19,39,35,5,46,99,43,0,38,39,4,40,35,5,43,91,41,0,38,40,41,42,35,5,41,95,38,0,38,42,21,20,35,6,45,97,35,0,43,44,12,11,35,6,35,93,32,0,43,11,6,5,35,6,32,99,46,0,43,5,4,39,35,6,46,101,45,0,43,39,19,44,35,7,42,92,34,0,45,1,8,10,35,7,34,96,37,0,45,10,14,46,35,7,37,100,47,0,45,46,17,35,35,7,47,98,42,0,45,35,2,1,35,8,37,96,36,0,47,46,14,13,35,8,36,97,45,0,47,13,12,44,35,8,45,101,48,0,47,44,19,18,35,8,48,100,37,0,47,18,17,46,35,9,30,90,31,0,48,34,37,49,35,9,31,91,43,0,48,49,41,40,35,9,43,99,49,0,48,40,4,3,35,9,49,98,30,0,48,3,2,34,35,10,67,111,73,0,50,51,52,53,35,10,73,110,62,0,50,53,54,55,35,10,62,109,60,0,50,55,56,57,35,10,60,106,67,0,50,57,58,51,35,11,84,120,88,0,59,60,61,62,35,11,88,119,83,0,59,62,26,25,35,11,83,104,51,0,59,25,32,63,35,11,51,105,84,0,59,63,64,60,35,12,54,118,87,0,65,29,28,66,35,12,87,121,57,0,65,66,67,68,35,12,57,102,50,0,65,68,69,70,35,12,50,103,54,0,65,70,30,29,35,13,57,121,86,0,71,68,67,72,35,13,86,120,84,0,71,72,61,60,35,13,84,105,52,0,71,60,64,73,35,13,52,102,57,0,71,73,69,68,35,14,79,106,60,0,74,75,58,57,35,14,60,109,78,0,74,57,56,76,35,14,78,117,76,0,74,76,77,78,35,14,76,114,79,0,74,78,79,75,35,15,68,112,72,0,80,81,82,83,35,15,72,111,67,0,80,83,52,51,35,15,67,106,58,0,80,51,58,84,35,15,58,107,68,0,80,84,85,81,35,16,69,113,71,0,86,87,88,89,35,16,71,112,68,0,86,89,82,81,35,16,68,107,61,0,86,81,85,90,35,16,61,108,69,0,86,90,91,87,35,17,62,110,70,0,92,55,54,93,35,17,70,113,69,0,92,93,88,87,35,17,69,108,59,0,92,87,91,94,35,17,59,109,62,0,92,94,56,55,35,18,66,105,51,0,95,96,64,63,35,18,51,104,65,0,95,63,32,97,35,18,65,113,70,0,95,97,88,93,35,18,70,110,66,0,95,93,54,96,35,19,65,104,53,0,98,97,32,31,35,19,53,103,64,0,98,31,30,99,35,19,64,112,71,0,98,99,82,89,35,19,71,113,65,0,98,89,88,97,35,20,64,103,50,0,100,99,30,70,35,20,50,102,63,0,100,70,69,101,35,20,63,111,72,0,100,101,52,83,35,20,72,112,64,0,100,83,82,99,35,21,63,102,52,0,102,101,69,73,35,21,52,105,66,0,102,73,64,96,35,21,66,110,73,0,102,96,54,53,35,21,73,111,63,0,102,53,52,101,35,22,76,117,75,0,103,78,77,104,35,22,75,116,77,0,103,104,105,106,35,22,77,115,74,0,103,106,107,108,35,22,74,114,76,0,103,108,79,78,35,23,80,107,58,0,109,110,85,84,35,23,58,106,79,0,109,84,58,75,35,23,79,114,74,0,109,75,79,108,35,23,74,115,80,0,109,108,107,110,35,24,81,108,61,0,111,112,91,90,35,24,61,107,80,0,111,90,85,110,35,24,80,115,77,0,111,110,107,106,35,24,77,116,81,0,111,106,105,112,35,25,78,109,59,0,113,76,56,94,35,25,59,108,81,0,113,94,91,112,35,25,81,116,75,0,113,112,105,104,35,25,75,117,78,0,113,104,77,76,35,26,85,90,40,0,114,115,37,36,35,26,40,94,56,0,114,36,23,116,35,26,56,120,86,0,114,116,61,72,35,26,86,121,85,0,114,72,67,115,35,27,82,91,31,0,117,118,41,49,35,27,31,90,85,0,117,49,37,115,35,27,85,121,87,0,117,115,67,66,35,27,87,118,82,0,117,66,28,118,35,28,56,94,39,0,119,116,23,22,35,28,39,95,55,0,119,22,21,120,35,28,55,119,88,0,119,120,26,62,35,28,88,120,56,0,119,62,61,116,35,29,55,95,41,0,121,120,21,42,35,29,41,91,82,0,121,42,41,118,35,29,82,118,89,0,121,118,28,27,35,29,89,119,55,0,121,27,26,120],
    "uvs":[],