{
    "metadata":{
        "type":"Geometry",
        "generator":"io_three",
        "version":3,
        "vertices":276,
        "normals":82,
        "materials":1,
        "uvs":0,
        "faces":271
    },
    "vertices":[-1.1211,-0.0211013,0.821101,-1.1211,0.377639,0.821101,-1.1211,-0.0211013,0.778899,-1.1211,0.377639,0.778899,-1.0789,-0.0211013,0.821101,-1.0789,0.377639,0.821101,-1.0789,-0.0211013,0.778899,-1.0789,0.377639,0.778899,-0.421935,0.377639,0.778899,-0.421935,-0.0211013,0.778899,-0.421935,-0.0211013,0.821101,-0.421935,0.377639,0.821101,-1.1211,0.377639,0.316859,-1.1211,-0.0211013,0.316859,-1.0789,-0.0211013,0.316859,-1.0789,0.377639,0.316859,-1.1211,0.377639,0.269417,-1.1211,-0.0211013,0.269417,-1.0789,-0.0211013,0.269417,-1.0789,0.377639,0.269417,-1.1211,0.377639,-0.721095,-1.1211,-0.0211014,-0.721095,-1.0789,-0.0211014,-0.721095,-1.0789,0.377639,-0.721095,-1.1211,0.377639,-0.765016,-1.1211,-0.0211014,-0.765016,-1.0789,-0.0211014,-0.765016,-1.0789,0.377639,-0.765016,-0.874693,0.377639,-0.721095,-0.874693,-0.0211014,-0.721095,-0.874693,0.377639,-0.765016,-0.874693,-0.0211014,-0.765016,-0.591075,0.377639,-0.721095,-0.591075,-0.0211014,-0.721095,-0.591075,0.377639,-0.765016,-0.591075,-0.0211014,-0.765016,-0.578699,0.377639,-0.721095,-0.578699,-0.0211014,-0.721095,-0.578699,0.377639,-0.765016,-0.578699,-0.0211014,-0.765016,-0.559702,0.377639,-0.721095,-0.559702,-0.0211014,-0.721095,-0.559702,0.377639,-0.765016,-0.559702,-0.0211014,-0.765016,-0.360813,0.377639,-0.721095,-0.360813,-0.0211014,-0.721095,-0.360813,0.377639,-0.765016,-0.360813,-0.0211014,-0.765016,-0.0791049,0.377639,-0.721095,-0.0791049,-0.0211014,-0.721095,-0.0791049,0.377639,-0.765016,-0.0791049,-0.0211014,-0.765016,0.109974,0.377639,-0.721095,0.109974,-0.0211014,-0.721095,0.109974,0.377639,-0.765016,0.109974,-0.0211014,-0.765016,0.337728,0.377639,-0.721095,0.337728,-0.0211014,-0.721095,0.337728,0.377639,-0.765016,0.337728,-0.0211014,-0.765016,0.453089,0.377639,-0.721095,0.453089,-0.0211014,-0.721095,0.453089,0.377639,-0.765016,0.453089,-0.0211014,-0.765016,0.470704,0.377639,-0.721095,0.470704,-0.0211014,-0.721095,0.470704,0.377639,-0.765016,0.470704,-0.0211014,-0.765016,1.27787,0.377639,-0.721095,1.27787,-0.0211014,-0.721095,1.27787,0.377639,-0.765016,1.27787,-0.0211014,-0.765016,1.32228,0.377639,-0.721095,1.32228,-0.0211014,-0.721095,1.32228,0.377639,-0.765016,1.32228,-0.0211014,-0.765016,1.27787,0.377639,-0.564377,1.27787,-0.0211014,-0.564377,1.32228,0.377639,-0.564377,1.32228,-0.0211014,-0.564377,1.27787,0.377639,-0.245665,1.27787,-0.0211014,-0.245665,1.32228,0.377639,-0.245665,1.32228,-0.0211014,-0.245665,1.27787,0.377639,-0.0858069,1.27787,-0.0211014,-0.0858068,1.32228,0.377639,-0.0858069,1.32228,-0.0211014,-0.0858068,1.27787,0.377639,0.195749,1.27787,-0.0211013,0.195749,1.32228,0.377639,0.195749,1.32228,-0.0211013,0.195749,1.27787,0.377639,0.274131,1.27787,-0.0211013,0.274131,1.32228,0.377639,0.274131,1.32228,-0.0211013,0.274131,1.27787,0.377639,0.318478,1.27787,-0.0211013,0.318478,1.32228,0.377639,0.318478,1.32228,-0.0211013,0.318478,0.306693,0.377639,0.274131,0.306693,-0.0211013,0.274131,0.306693,0.377639,0.318478,0.306693,-0.0211013,0.318478,0.29028,0.377639,0.274131,0.29028,-0.0211013,0.274131,0.29028,0.377639,0.318478,0.29028,-0.0211013,0.318478,0.150018,0.377639,0.274131,0.150018,-0.0211013,0.274131,0.150018,0.377639,0.318478,0.150018,-0.0211013,0.318478,0.131118,0.377639,0.274131,0.131118,-0.0211013,0.274131,0.131118,0.377639,0.318478,0.131118,-0.0211013,0.318478,-0.1678,0.377639,0.274131,-0.1678,-0.0211013,0.274131,-0.1678,0.377639,0.318478,-0.1678,-0.0211013,0.318478,-0.203113,0.377639,0.274131,-0.203113,-0.0211013,0.274131,-0.203113,0.377639,0.318478,-0.203113,-0.0211013,0.318478,-0.1678,0.377639,0.775706,-0.1678,-0.0211013,0.775706,-0.203113,0.377639,0.775706,-0.203113,-0.0211013,0.775706,1.12728,0.377639,-0.721095,1.12728,0.377639,-0.765016,1.12728,-0.0211014,-0.765016,1.12728,-0.0211014,-0.721095,1.14286,0.377639,-0.721095,1.14286,0.377639,-0.765016,1.14286,-0.0211014,-0.765016,1.14286,-0.0211014,-0.721095,1.14286,0.377639,-1.05809,1.12728,0.377639,-1.05809,1.14286,-0.0211014,-1.05809,1.12728,-0.0211014,-1.05809,1.14286,0.377639,-1.0748,1.12728,0.377639,-1.0748,1.14286,-0.0211014,-1.0748,1.12728,-0.0211014,-1.0748,1.61138,0.377639,-1.05809,1.61138,-0.0211014,-1.05809,1.61138,0.377639,-1.0748,1.61138,-0.0211014,-1.0748,1.62809,0.377639,-1.05809,1.62809,-0.0211014,-1.05809,1.62809,0.377639,-1.0748,1.62809,-0.0211014,-1.0748,1.61138,0.377639,-0.209495,1.61138,-0.0211014,-0.209495,1.62809,0.377639,-0.209495,1.62809,-0.0211014,-0.209495,1.61138,0.377639,-0.19416,1.61138,-0.0211014,-0.19416,1.62809,0.377639,-0.19416,1.62809,-0.0211014,-0.19416,1.32228,0.377639,-0.209495,1.32228,-0.0211014,-0.209495,1.32228,0.377639,-0.19416,1.32228,-0.0211014,-0.19416,1.32228,-0.0211014,-0.194232,1.27787,-0.0211014,-0.194232,1.27787,0.377639,-0.194232,1.32228,0.377639,-0.194232,1.27787,-0.0211014,-0.209485,1.27787,0.377639,-0.209485,1.32228,0.377639,-0.209485,1.32228,-0.0211014,-0.209485,-0.578699,0.377639,0.00324665,-0.578699,-0.0211014,0.00324667,-0.559702,0.377639,0.00324665,-0.559702,-0.0211014,0.00324667,-0.578699,0.377639,0.0201709,-0.578699,-0.0211014,0.0201709,-0.559702,0.377639,0.0201709,-0.559702,-0.0211014,0.0201709,-0.578699,0.377639,0.0533287,-0.578699,-0.0211014,0.0533288,-0.559702,0.377639,0.0533287,-0.559702,-0.0211014,0.0533288,-0.439505,0.377639,0.00324665,-0.439505,-0.0211014,0.00324667,-0.439505,0.377639,0.0201709,-0.439505,-0.0211014,0.0201709,-0.0108929,-0.0211014,-0.765016,-0.0108929,-0.0211014,-0.721095,-0.0108929,0.377639,-0.721095,-0.0108929,0.377639,-0.765016,-0.0258516,-0.0211014,-0.721095,-0.0258516,0.377639,-0.721095,-0.0258516,0.377639,-0.765016,-0.0258516,-0.0211014,-0.765016,-0.0108929,-0.0211014,0.00442457,-0.0108929,0.377639,0.00442456,-0.0258516,-0.0211014,0.00442457,-0.0258516,0.377639,0.00442456,-0.0108929,-0.0211014,0.0188482,-0.0108929,0.377639,0.0188482,-0.0258516,-0.0211014,0.0188482,-0.0258516,0.377639,0.0188482,-0.266246,-0.0211014,0.00442457,-0.266246,0.377639,0.00442456,-0.266246,-0.0211014,0.0188482,-0.266246,0.377639,0.0188482,0.1321,-0.0211014,0.00442457,0.1321,0.377639,0.00442456,0.1321,-0.0211014,0.0188482,0.1321,0.377639,0.0188482,0.149094,-0.0211014,0.00442457,0.149094,0.377639,0.00442456,0.149094,-0.0211014,0.0188482,0.149094,0.377639,0.0188482,0.1321,-0.0211013,0.0772888,0.1321,0.377639,0.0772888,0.149094,-0.0211013,0.0772888,0.149094,0.377639,0.0772888,0.150018,0.377639,0.252246,0.150018,-0.0211013,0.252246,0.131118,0.377639,0.252246,0.131118,-0.0211013,0.252246,-0.578405,0.377639,0.778899,-0.578405,-0.0211013,0.778899,-0.578405,-0.0211013,0.821101,-0.578405,0.377639,0.821101,-0.561096,0.377639,0.778899,-0.561096,-0.0211013,0.821101,-0.561096,-0.0211013,0.778899,-0.561096,0.377639,0.821101,-0.561096,-0.0211013,0.540922,-0.578405,-0.0211013,0.540922,-0.578405,0.377639,0.540922,-0.561096,0.377639,0.540922,-0.578746,0.377639,0.316859,-0.578746,-0.0211013,0.316859,-0.578746,0.377639,0.269417,-0.578746,-0.0211013,0.269417,-0.561477,0.377639,0.316859,-0.561477,-0.0211013,0.316859,-0.561477,0.377639,0.269417,-0.561477,-0.0211013,0.269417,-0.578746,0.377639,0.367286,-0.578746,-0.0211013,0.367286,-0.561477,0.377639,0.367286,-0.561477,-0.0211013,0.367286,-0.578746,0.377639,0.228315,-0.578746,-0.0211013,0.228315,-0.561477,0.377639,0.228315,-0.561477,-0.0211013,0.228315,-0.0108929,-0.0211014,-0.0608549,-0.0108929,0.377639,-0.0608549,0.1321,-0.0211014,-0.0608549,0.1321,0.377639,-0.0608549,0.149094,-0.0211014,-0.0608549,0.149094,0.377639,-0.0608549,0.182597,-0.0211014,0.00442457,0.182597,-0.0211014,-0.0608549,0.182597,0.377639,0.00442456,0.182597,0.377639,-0.0608549,-0.0258516,-0.0211014,-0.0608546,-0.0258516,0.377639,-0.0608546,0.109974,0.352705,-0.721095,0.109974,0.118591,-0.721095,0.337728,0.352705,-0.721095,0.337728,0.118591,-0.721095,0.109974,0.352705,-0.738408,0.109974,0.118591,-0.738408,0.337728,0.352705,