{
    "metadata":{
        "type":"Geometry",
        "generator":"io_three",
        "version":3,
        "vertices":272,
        "normals":81,
        "materials":1,
        "uvs":0,
        "faces":270
    },
    "vertices":[-5.8015,-0.105507,4.6935,-5.8015,1.8882,4.6935,-5.8015,-0.105507,4.48249,-5.8015,1.8882,4.48249,-5.59049,-0.105507,4.6935,-5.59049,1.8882,4.6935,-5.59049,-0.105507,4.48249,-5.59049,1.8882,4.48249,-2.30567,1.8882,4.48249,-2.30567,-0.105507,4.48249,-2.30567,-0.105507,4.6935,-2.30567,1.8882,4.6935,-5.8015,1.8882,2.17229,-5.8015,-0.105507,2.17229,-5.59049,-0.105507,2.17229,-5.59049,1.8882,2.17229,-5.8015,1.8882,1.93508,-5.8015,-0.105507,1.93508,-5.59049,-0.105507,1.93508,-5.59049,1.8882,1.93508,-5.8015,1.8882,-3.01748,-5.8015,-0.105507,-3.01748,-5.59049,-0.105507,-3.01748,-5.59049,1.8882,-3.01748,-5.8015,1.8882,-3.23709,-5.8015,-0.105507,-3.23709,-5.59049,-0.105507,-3.23709,-5.59049,1.8882,-3.23709,-4.56946,1.8882,-3.01748,-4.56946,-0.105507,-3.01748,-4.56946,1.8882,-3.23709,-4.56946,-0.105507,-3.23709,-3.15137,1.8882,-3.01748,-3.15137,-0.105507,-3.01748,-3.15137,1.8882,-3.23709,-3.15137,-0.105507,-3.23709,-3.08949,1.8882,-3.01748,-3.08949,-0.105507,-3.01748,-3.08949,1.8882,-3.23709,-3.08949,-0.105507,-3.23709,-2.99451,1.8882,-3.01748,-2.99451,-0.105507,-3.01748,-2.99451,1.8882,-3.23709,-2.99451,-0.105507,-3.23709,-2.00006,1.8882,-3.01748,-2.00006,-0.105507,-3.01748,-2.00006,1.8882,-3.23709,-2.00006,-0.105507,-3.23709,-0.59152,1.8882,-3.01748,-0.59152,-0.105507,-3.01748,-0.59152,1.8882,-3.23709,-0.59152,-0.105507,-3.23709,0.353875,1.8882,-3.01748,0.353875,-0.105507,-3.01748,0.353875,1.8882,-3.23709,0.353875,-0.105507,-3.23709,1.49264,1.8882,-3.01748,1.49264,-0.105507,-3.01748,1.49264,1.8882,-3.23709,1.49264,-0.105507,-3.23709,2.06945,1.8882,-3.01748,2.06945,-0.105507,-3.01748,2.06945,1.8882,-3.23709,2.06945,-0.105507,-3.23709,2.15753,1.8882,-3.01748,2.15753,-0.105507,-3.01748,2.15753,1.8882,-3.23709,2.15753,-0.105507,-3.23709,6.19336,1.8882,-3.01748,6.19336,-0.105507,-3.01748,6.19336,1.8882,-3.23709,6.19336,-0.105507,-3.23709,6.41538,1.8882,-3.01748,6.41538,-0.105507,-3.01748,6.41538,1.8882,-3.23709,6.41538,-0.105507,-3.23709,6.19336,1.8882,-2.23389,6.19336,-0.105507,-2.23389,6.41538,1.8882,-2.23389,6.41538,-0.105507,-2.23389,6.19336,1.8882,-0.64033,6.19336,-0.105507,-0.64033,6.41538,1.8882,-0.64033,6.41538,-0.105507,-0.64033,6.19336,1.8882,0.158959,6.19336,-0.105507,0.158959,6.41538,1.8882,0.158959,6.41538,-0.105507,0.158959,6.19336,1.8882,1.56674,6.19336,-0.105507,1.56674,6.41538,1.8882,1.56674,6.41538,-0.105507,1.56674,6.19336,1.8882,1.95865,6.19336,-0.105507,1.95865,6.41538,1.8882,1.95865,6.41538,-0.105507,1.95865,6.19336,1.8882,2.18038,6.19336,-0.105507,2.18038,6.41538,1.8882,2.18038,6.41538,-0.105507,2.18038,1.33747,1.8882,1.95865,1.33747,-0.105507,1.95865,1.33747,1.8882,2.18038,1.33747,-0.105507,2.18038,1.2554,1.8882,1.95865,1.2554,-0.105507,1.95865,1.2554,1.8882,2.18038,1.2554,-0.105507,2.18038,0.554093,1.8882,1.95865,0.554093,-0.105507,1.95865,0.554093,1.8882,2.18038,0.554093,-0.105507,2.18038,0.459593,1.8882,1.95865,0.459593,-0.105507,1.95865,0.459593,1.8882,2.18038,0.459593,-0.105507,2.18038,-1.03499,1.8882,1.95865,-1.03499,-0.105507,1.95865,-1.03499,1.8882,2.18038,-1.03499,-0.105507,2.18038,-1.21156,1.8882,1.95865,-1.21156,-0.105507,1.95865,-1.21156,1.8882,2.18038,-1.21156,-0.105507,2.18038,-1.03499,1.8882,4.46652,-1.03499,-0.105507,4.46652,-1.21156,1.8882,4.46652,-1.21156,-0.105507,4.46652,5.44041,1.8882,-3.01748,5.44041,1.8882,-3.23709,5.44041,-0.105507,-3.23709,5.44041,-0.105507,-3.01748,5.5183,1.8882,-3.01748,5.5183,1.8882,-3.23709,5.5183,-0.105507,-3.23709,5.5183,-0.105507,-3.01748,5.5183,1.8882,-4.70245,5.44041,1.8882,-4.70245,5.5183,-0.105507,-4.70245,5.44041,-0.105507,-4.70245,5.5183,1.8882,-4.78601,5.44041,1.8882,-4.78601,5.5183,-0.105507,-4.78601,5.44041,-0.105507,-4.78601,7.8609,1.8882,-4.70245,7.8609,-0.105507,-4.70245,7.8609,1.8882,-4.78601,7.8609,-0.105507,-4.78601,7.94445,1.8882,-4.70245,7.94445,-0.105507,-4.70245,7.94445,1.8882,-4.78601,7.94445,-0.105507,-4.78601,7.8609,1.8882,-0.459483,7.8609,-0.105507,-0.459483,7.94445,1.8882,-0.459483,7.94445,-0.105507,-0.459483,7.8609,1.8882,-0.382805,7.8609,-0.105507,-0.382805,7.94445,1.8882,-0.382805,7.94445,-0.105507,-0.382805,6.41538,1.8882,-0.459483,6.41538,-0.105507,-0.459483,6.41538,1.8882,-0.382805,6.41538,-0.105507,-0.382805,6.41538,-0.105507,-0.383167,6.19336,-0.105507,-0.383167,6.19336,1.8882,-0.383167,6.41538,1.8882,-0.383167,6.19336,-0.105507,-0.459432,6.19336,1.8882,-0.459432,6.41538,1.8882,-0.459432,6.41538,-0.105507,-0.459432,-3.08949,1.8882,0.604227,-3.08949,-0.105507,0.604227,-2.99451,1.8882,0.604227,-2.99451,-0.105507,0.604227,-3.08949,1.8882,0.688848,-3.08949,-0.105507,0.688848,-2.99451,1.8882,0.688848,-2.99451,-0.105507,0.688848,-3.08949,1.8882,0.854637,-3.08949,-0.105507,0.854637,-2.99451,1.8882,0.854637,-2.99451,-0.105507,0.854637,-2.39352,1.8882,0.604227,-2.39352,-0.105507,0.604227,-2.39352,1.8882,0.688848,-2.39352,-0.105507,0.688848,-0.25046,-0.105507,-3.23709,-0.25046,-0.105507,-3.01748,-0.25046,1.8882,-3.01748,-0.25046,1.8882,-3.23709,-0.325254,-0.105507,-3.01748,-0.325254,1.8882,-3.01748,-0.325254,1.8882,-3.23709,-0.325254,-0.105507,-3.23709,-0.25046,-0.105507,0.610116,-0.25046,1.8882,0.610116,-0.325254,-0.105507,0.610116,-0.325254,1.8882,0.610116,-0.25046,-0.105507,0.682234,-0.25046,1.8882,0.682234,-0.325254,-0.105507,0.682234,-0.325254,1.8882,0.682234,-1.52722,-0.105507,0.610116,-1.52722,1.8882,0.610116,-1.52722,-0.105507,0.682234,-1.52722,1.8882,0.682234,0.464505,-0.105507,0.610116,0.464505,1.8882,0.610116,0.464505,-0.105507,0.682234,0.464505,1.8882,0.682234,0.549472,-0.105507,0.610116,0.549472,1.8882,0.610116,0.549472,-0.105507,0.682234,0.549472,1.8882,0.682234,0.464505,-0.105507,0.974437,0.464505,1.8882,0.974437,0.549472,-0.105507,0.974437,0.549472,1.8882,0.974437,0.554093,1.8882,1.84923,0.554093,-0.105507,1.84923,0.459593,1.8882,1.84923,0.459593,-0.105507,1.84923,-3.08802,1.8882,4.48249,-3.08802,-0.105507,4.48249,-3.08802,-0.105507,4.6935,-3.08802,1.8882,4.6935,-3.00148,1.8882,4.48249,-3.00148,-0.105507,4.6935,-3.00148,-0.105507,4.48249,-3.00148,1.8882,4.6935,-3.00148,-0.105507,3.29261,-3.08802,-0.105507,3.29261,-3.08802,1.8882,3.29261,-3.00148,1.8882,3.29261,-3.08973,1.8882,2.17229,-3.08973,-0.105507,2.17229,-3.08973,1.8882,1.93508,-3.08973,-0.105507,1.93508,-3.00338,1.8882,2.17229,-3.00338,-0.105507,2.17229,-3.00338,1.8882,1.93508,-3.00338,-0.105507,1.93508,-3.08973,1.8882,2.42442,-3.08973,-0.105507,2.42442,-3.00338,1.8882,2.42442,-3.00338,-0.105507,2.42442,-3.08973,1.8882,1.72957,-3.08973,-0.105507,1.72957,-3.00338,1.8882,1.72957,-3.00338,-0.105507,1.72957,-0.25046,-0.105507,0.283719,-0.25046,1.8882,0.283719,0.464505,-0.105507,0.283719,0.464505,1.8882,0.283719,0.549472,-0.105507,0.283719,0.549472,1.8882,0.283719,0.716988,-0.105507,0.610116,0.716988,-0.105507,0.283719,0.716988,1.8882,0.610116,0.716988,1.8882,0.283719,-0.325254,-0.105507,0.28372,-0.325254,1.8882,0.28372,0.353875,1.76352,-3.01748,0.353875,0.592954,-3.01748,1.49264,1.76352,-3.01748,1.49264,0.592954,-3.01748,0.353875,1.76352,-3.10405,0.353875,0.592954,-3.10405,1.49264,1.76352,-3.10405,1.49264,0.592954,-3.10405],